{
  "outer_contour_hull": [
    [
      -1.15,
      4.0
    ],
    [
      4.856856597772165,
      4.0
    ],
    [
      4.856856597772165,
      -3.502426766060494
    ],
    [
      -1.15,
      -3.502426766060494
    ],
    [
      -1.15,
      4.0
    ]
  ],
  "outer_contour_segments": [
    [
      [
        -1.15,
        4.0
      ],
      [
        4.859999999999999,
        4.0
      ]
    ],
    [
      [
        4.859999999999999,
        4.0
      ],
      [
        4.859999999999999,
        -3.5
      ]
    ],
    [
      [
        -1.15,
        -3.5
      ],
      [
        4.859999999999999,
        -3.5
      ]
    ],
    [
      [
        -1.15,
        4.0
      ],
      [
        -1.15,
        -0.5599999999999996
      ]
    ],
    [
      [
        -1.15,
        -3.0599999999999996
      ],
      [
        -1.15,
        -3.5
      ]
    ]
  ],
  "inner_contours": [],
  "_metadata": {
    "extracted_from": "arise_warehouse_recording_final",
    "extracted_at": "2026-04-15T10:28:02.498633",
    "hull_points": 5,
    "segment_count": 5,
    "inner_contour_count": 0
  }
}